model	setup	step	wrong_format	acc	p-val	sig
LLaMa3.1-70B	orig_NL	1	True	0.8947368421052632	1.4748221440000013e-10	**
LLaMa3.1-70B	orig_NL	2	True	0.4	0.12087388160000007	
LLaMa3.1-70B	orig_NL	3	True	0.2413793103448276	0.35713858384717634	
LLaMa3.1-70B	orig_NL	4	True	0.12	0.9017747771563113	
LLaMa3.1-70B	orig_NL	5	True	0.2222222222222222	0.49897454145503284	
LLaMa3.1-70B	orig_NL	6	True	0.20634920634920634	0.499841023078118	
LLaMa3.1-70B	orig_NL	7	True	0.5	5.5656311425847916e-05	**
LLaMa3.1-70B	orig_NL	8	True	0.3157894736842105	0.16306230424853557	
LLaMa3.1-70B	orig_NL	9	True	0.375	0.20308224000000008	
