model	setup	step	wrong_format	acc	p-val	sig
LLaMa3.1-70B	lexical_replacements	1	True	0.8421052631578947	3.3989066752000027e-09	**
LLaMa3.1-70B	lexical_replacements	2	True	0.5714285714285714	0.03334400000000001	*
LLaMa3.1-70B	lexical_replacements	3	True	0.034482758620689655	0.9984525749508932	
LLaMa3.1-70B	lexical_replacements	4	True	0.18518518518518517	0.6519615902125067	
LLaMa3.1-70B	lexical_replacements	5	True	0.058823529411764705	0.9774820018631476	
LLaMa3.1-70B	lexical_replacements	6	True	0.14545454545454545	0.8844350164345409	
LLaMa3.1-70B	lexical_replacements	7	True	0.41379310344827586	0.0069402927576268526	**
LLaMa3.1-70B	lexical_replacements	8	True	0.1875	0.6481562791116797	
LLaMa3.1-70B	lexical_replacements	9	True	0.1	0.8926258176	
