model	setup	step	wrong_format	acc	p-val	sig
LLaMa3.1-70B	domain_replacements	1	True	1.0	5.2428800000000056e-14	**
LLaMa3.1-70B	domain_replacements	2	True	0.7	0.0008643584000000003	**
LLaMa3.1-70B	domain_replacements	3	True	0.14285714285714285	0.8398173289010614	
LLaMa3.1-70B	domain_replacements	4	True	0.28	0.219964669447933	
LLaMa3.1-70B	domain_replacements	5	True	0.0	1.0	
LLaMa3.1-70B	domain_replacements	6	True	0.09836065573770492	0.9895285453693997	
LLaMa3.1-70B	domain_replacements	7	True	0.5172413793103449	0.0001418064493930811	**
LLaMa3.1-70B	domain_replacements	8	True	0.5	0.004252033316290565	**
LLaMa3.1-70B	domain_replacements	9	True	0.125	0.83222784	
