model	setup	step	wrong_format	acc	p-val	sig
LLaMa3.1-70B	orig	1	True	1.0	1.0485760000000012e-14	**
LLaMa3.1-70B	orig	2	True	1.0	1.0240000000000006e-07	**
LLaMa3.1-70B	orig	3	True	0.18518518518518517	0.6519615902125067	
LLaMa3.1-70B	orig	4	True	0.17857142857142858	0.6851126029222516	
LLaMa3.1-70B	orig	5	True	0.0	1.0	
LLaMa3.1-70B	orig	6	True	0.22413793103448276	0.3725388919057654	
LLaMa3.1-70B	orig	7	True	0.2571428571428571	0.2549876049706215	
LLaMa3.1-70B	orig	8	True	0.13333333333333333	0.8328742325780478	
LLaMa3.1-70B	orig	9	True	0.25	0.4966835200000002	
