model	setup	step	wrong_format	acc	p-val	sig
Qwen2-72B	orig	1	True	1.0	1.3107200000000013e-12	**
Qwen2-72B	orig	2	True	1.0	2.5600000000000013e-06	**
Qwen2-72B	orig	3	True	0.6956521739130435	3.7471678237769764e-07	**
Qwen2-72B	orig	4	True	0.4	0.01733186954184571	*
Qwen2-72B	orig	5	True	0.2857142857142857	0.3018101163622402	
Qwen2-72B	orig	6	True	0.423728813559322	7.550862241905785e-05	**
Qwen2-72B	orig	7	True	0.3333333333333333	0.05083713510068753	
Qwen2-72B	orig	8	True	0.17647058823529413	0.690377525618278	
Qwen2-72B	orig	9	True	0.6666666666666666	0.0030663680000000016	**
