model	setup	step	wrong_format	acc	p-val	sig
Qwen2-72B	lexical_replacements	1	True	1.0	2.6214400000000027e-13	**
Qwen2-72B	lexical_replacements	2	True	0.25	0.4966835200000002	
Qwen2-72B	lexical_replacements	3	True	0.2857142857142857	0.23070411885182687	
Qwen2-72B	lexical_replacements	4	True	0.07692307692307693	0.9773326408822257	
Qwen2-72B	lexical_replacements	5	True	0.0625	0.9718525023289344	
Qwen2-72B	lexical_replacements	6	True	0.22033898305084745	0.39799513301481876	
Qwen2-72B	lexical_replacements	7	True	0.23529411764705882	0.36736906443578854	
Qwen2-72B	lexical_replacements	8	True	0.1111111111111111	0.900920808197849	
Qwen2-72B	lexical_replacements	9	True	0.25	0.4966835200000002	
