model	setup	step	wrong_format	acc	p-val	sig
Qwen2-72B	domain_replacements	1	True	1.0	5.2428800000000056e-14	**
Qwen2-72B	domain_replacements	2	True	0.4	0.12087388160000007	
Qwen2-72B	domain_replacements	3	True	0.3076923076923077	0.131291170685611	
Qwen2-72B	domain_replacements	4	True	0.3	0.12865075391404412	
Qwen2-72B	domain_replacements	5	True	0.05555555555555555	0.9819856014905181	
Qwen2-72B	domain_replacements	6	True	0.1746031746031746	0.739835281371245	
Qwen2-72B	domain_replacements	7	True	0.4358974358974359	0.0006992422705393098	**
Qwen2-72B	domain_replacements	8	True	0.3888888888888889	0.0512709988106896	
Qwen2-72B	domain_replacements	9	True	0.1111111111111111	0.8657822720000001	
