model	setup	step	wrong_format	acc	p-val	sig
Qwen2-72B	orig_NL	1	True	1.0	4.096000000000002e-09	**
Qwen2-72B	orig_NL	2	True	0.7777777777777778	0.00031385600000000016	**
Qwen2-72B	orig_NL	3	True	0.5	0.0006032487259779764	**
Qwen2-72B	orig_NL	4	True	0.2692307692307692	0.25263385320247256	
Qwen2-72B	orig_NL	5	True	0.5	0.0070035611648000045	**
Qwen2-72B	orig_NL	6	True	0.48484848484848486	2.0421133570336655e-07	**
Qwen2-72B	orig_NL	7	True	0.45161290322580644	0.0013437051893787034	**
Qwen2-72B	orig_NL	8	True	0.17647058823529413	0.690377525618278	
Qwen2-72B	orig_NL	9	True	0.3	0.32220047360000015	
