model	setup	step	wrong_format	acc	p-val	sig
LLaMa3	orig_NL	1	True	0.6	0.0007849853911040007	**
LLaMa3	orig_NL	2	True	0.16666666666666666	0.7378560000000001	
LLaMa3	orig_NL	3	True	0.09090909090909091	0.9520384654083551	
LLaMa3	orig_NL	4	True	0.058823529411764705	0.9774820018631476	
LLaMa3	orig_NL	5	True	0.0	1.0	
LLaMa3	orig_NL	6	True	0.1951219512195122	0.59310500764381	
LLaMa3	orig_NL	7	True	0.19230769230769232	0.616661900753056	
LLaMa3	orig_NL	8	True	0.3333333333333333	0.2054310502400001	
LLaMa3	orig_NL	9	True	0.5	0.18080000000000004	
