model	setup	step	wrong_format	acc	p-val	sig
LLaMa3	lexical_replacements	1	True	0.8125	2.4788992000000016e-07	**
LLaMa3	lexical_replacements	2	True	0.2	0.67232	
LLaMa3	lexical_replacements	3	True	0.13333333333333333	0.8328742325780478	
LLaMa3	lexical_replacements	4	True	0.1875	0.6481562791116797	
LLaMa3	lexical_replacements	5	True	0.0	1.0	
LLaMa3	lexical_replacements	6	True	0.11764705882352941	0.9299939956023959	
LLaMa3	lexical_replacements	7	True	0.23529411764705882	0.4511237954142211	
LLaMa3	lexical_replacements	8	True	0.36363636363636365	0.16113920000000004	
LLaMa3	lexical_replacements	9	True	0.25	0.5904	
