model	setup	step	wrong_format	acc	p-val	sig
LLaMa3	orig	1	True	0.8333333333333334	1.4351073280000013e-08	**
LLaMa3	orig	2	True	0.0	1.0	
LLaMa3	orig	3	True	0.2692307692307692	0.25263385320247256	
LLaMa3	orig	4	True	0.16666666666666666	0.7361377727696581	
LLaMa3	orig	5	True	0.2	0.6019767907450877	
LLaMa3	orig	6	True	0.09302325581395349	0.9822361970643303	
LLaMa3	orig	7	True	0.24242424242424243	0.33431569400485683	
LLaMa3	orig	8	True	0.2727272727272727	0.38259845120000013	
LLaMa3	orig	9	True	0.0	1.0	
