model	setup	step	wrong_format	acc	p-val	sig
LLaMa3	domain_replacements	1	True	0.8181818181818182	1.894400000000001e-05	**
LLaMa3	domain_replacements	2	True	0.5	0.3600000000000001	
LLaMa3	domain_replacements	3	True	0.23076923076923078	0.49834781982720044	
LLaMa3	domain_replacements	4	True	0.18181818181818182	0.6778774527999998	
LLaMa3	domain_replacements	5	True	0.0	1.0	
LLaMa3	domain_replacements	6	True	0.06818181818181818	0.9961275866644397	
LLaMa3	domain_replacements	7	True	0.11764705882352941	0.8817805097815243	
LLaMa3	domain_replacements	8	True	0.36363636363636365	0.16113920000000004	
LLaMa3	domain_replacements	9	True	0.2	0.67232	
