acc	target_score	avg_score	max_score	min_score	norm_score
0.0	25	0.3333333333333333	1	0	0.013333333333333332
