typ	variance	E	m	v_sqrt	z-score	p-val	<0.05	<0.01	<0.001
Zebra-orig	0.0	0.2	0.0	0.0	inf	0.0	True	True	True
Zebra-orig_NL	0.0	0.2	0.0	0.0	inf	0.0	True	True	True
Zebra-1domain_replacements	0.072	0.2	0.24	0.2683281572999748	0.1490711984999859	0.4407487260955068	False	False	False
Zebra-2domain_replacements	0.0	0.2	0.0	0.0	inf	0.0	True	True	True
Zebra-3domain_replacements	0.024	0.2	0.14666666666666667	0.15491933384829668	0.3442651863295482	0.36532343159211045	False	False	False
Zebra-4domain_replacements	0.036	0.2	0.24	0.18973665961010275	0.21081851067789187	0.4165144468597607	False	False	False
Zebra-5domain_replacements	0.072	0.2	0.12	0.2683281572999748	0.298142396999972	0.382797241997882	False	False	False
Zebra-lexical_replacements	0.0	0.2	0.0	0.0	inf	0.0	True	True	True
