acc	target_score	avg_score	max_score	min_score	norm_score
0.0	25	3.6666666666666665	7	0	0.14666666666666667
