typ	variance	E	m	v_sqrt	z-score	p-val	<0.05	<0.01	<0.001
Einstein-orig	0.0	0.2	0.0	0.0	inf	0.0	True	True	True
Einstein-orig_NL	0.036	0.2	0.0	0.18973665961010275	1.0540925533894598	0.14592027257189422	False	False	False
Einstein-1domain_replacements	0.0	0.2	0.0	0.0	inf	0.0	True	True	True
Einstein-2domain_replacements	0.072	0.2	0.04	0.2683281572999748	0.5962847939999439	0.2754924937925467	False	False	False
Einstein-3domain_replacements	0.0	0.2	0.0	0.0	inf	0.0	True	True	True
Einstein-4domain_replacements	0.072	0.2	0.16	0.2683281572999748	0.149071198499986	0.44074872609550675	False	False	False
Einstein-5domain_replacements	0.036	0.2	0.2	0.18973665961010275	0.0	0.5	False	False	False
Einstein-lexical_replacements	0.024	0.2	0.12	0.15491933384829668	0.5163977794943223	0.3027883081676731	False	False	False
