acc	target_score	avg_score	max_score	min_score	norm_score
0.0	25	1.3333333333333333	4	0	0.05333333333333333
