model	setup	step	wrong_format	acc	p-val	sig
Qwen2	orig	1	True	0.9	3.272605696000004e-11	**
Qwen2	orig	2	True	0.4444444444444444	0.08564172800000006	
Qwen2	orig	3	True	0.3793103448275862	0.01970443984310509	*
Qwen2	orig	4	True	0.13793103448275862	0.859619533826349	
Qwen2	orig	5	True	0.05	0.9884707849539316	
Qwen2	orig	6	True	0.16176470588235295	0.8256121682999664	
Qwen2	orig	7	True	0.23076923076923078	0.3756766234194144	
Qwen2	orig	8	True	0.2222222222222222	0.49897454145503284	
Qwen2	orig	9	True	0.4	0.12087388160000007	
