model	setup	step	wrong_format	acc	p-val	sig
Qwen2	domain_replacements	1	True	0.95	8.49346560000001e-13	**
Qwen2	domain_replacements	2	True	0.0	1.0	
Qwen2	domain_replacements	3	True	0.16666666666666666	0.7447667452596807	
Qwen2	domain_replacements	4	True	0.25925925925925924	0.2866098043071939	
Qwen2	domain_replacements	5	True	0.05555555555555555	0.9819856014905181	
Qwen2	domain_replacements	6	True	0.23529411764705882	0.2755917046689493	
Qwen2	domain_replacements	7	True	0.3684210526315789	0.012033646768274057	*
Qwen2	domain_replacements	8	True	0.2631578947368421	0.3267118557081111	
Qwen2	domain_replacements	9	True	0.3333333333333333	0.26180249600000016	
