model	setup	step	wrong_format	acc	p-val	sig
Qwen2	lexical_replacements	1	True	0.8888888888888888	6.608650240000007e-10	**
Qwen2	lexical_replacements	2	True	0.5	0.03279349760000002	*
Qwen2	lexical_replacements	3	True	0.16666666666666666	0.7447667452596807	
Qwen2	lexical_replacements	4	True	0.0	1.0	
Qwen2	lexical_replacements	5	True	0.05263157894736842	0.9855884811924144	
Qwen2	lexical_replacements	6	True	0.25396825396825395	0.17891298678738665	
Qwen2	lexical_replacements	7	True	0.2564102564102564	0.2413594512807919	
Qwen2	lexical_replacements	8	True	0.42105263157894735	0.02327831237681481	*
Qwen2	lexical_replacements	9	True	0.4	0.12087388160000007	
