model	setup	step	wrong_format	acc	p-val	sig
Qwen2	orig_NL	1	True	0.8947368421052632	1.4748221440000013e-10	**
Qwen2	orig_NL	2	True	0.2	0.6241903615999997	
Qwen2	orig_NL	3	True	0.17857142857142858	0.6851126029222516	
Qwen2	orig_NL	4	True	0.1111111111111111	0.9282200294603813	
Qwen2	orig_NL	5	True	0.1111111111111111	0.900920808197849	
Qwen2	orig_NL	6	True	0.24242424242424243	0.2348105637598499	
Qwen2	orig_NL	7	True	0.4444444444444444	0.0007702256355613421	**
Qwen2	orig_NL	8	True	0.2631578947368421	0.3267118557081111	
Qwen2	orig_NL	9	True	0.3	0.32220047360000015	
