model	setup	step	wrong_format	acc	p-val	sig
o1	orig_NL	1	True	1.0	6.400000000000002e-05	**
o1	orig_NL	2	True	1.0	0.008000000000000002	**
o1	orig_NL	3	True	1.0	5.120000000000002e-07	**
o1	orig_NL	4	True	1.0	5.120000000000002e-07	**
o1	orig_NL	5	True	1.0	6.400000000000002e-05	**
o1	orig_NL	6	True	0.47619047619047616	0.004072219184684077	**
o1	orig_NL	7	True	1.0	4.096000000000002e-09	**
o1	orig_NL	8	True	1.0	6.400000000000002e-05	**
o1	orig_NL	9	True	1.0	0.008000000000000002	**
