typ	variance	E	m	v_sqrt	z-score	p-val	sig
Einstein-orig	0.024	0.2	0.9733333333333333	0.15491933384829668	4.991845201778448	2.9902589472306817e-07	**
Einstein-orig_NL	0.024	0.2	0.5066666666666666	0.15491933384829668	1.9795248213949015	0.023878473930440198	*
Einstein-1domain_replacements	0.024	0.2	0.38666666666666666	0.15491933384829668	1.2049281521534185	0.11411551976453232	
Einstein-2domain_replacements	0.024	0.2	0.4	0.15491933384829668	1.2909944487358056	0.09835280122947343	
Einstein-3domain_replacements	0.024	0.2	0.36	0.15491933384829668	1.0327955589886444	0.1508497912391739	
Einstein-4domain_replacements	0.024	0.2	0.26666666666666666	0.15491933384829668	0.4303314829119351	0.3334772643464097	
Einstein-5domain_replacements	0.024	0.2	0.3066666666666667	0.15491933384829668	0.6885303726590964	0.24555942524033636	
Einstein-lexical_replacements	0.024	0.2	0.24	0.15491933384829668	0.258198889747161	0.39812670736881967	
