acc	target_score	avg_score	max_score	min_score	norm_score
0.0	25	6.666666666666667	8	5	0.26666666666666666
