acc	target_score	avg_score	max_score	min_score	norm_score
0.6666666666666666	25	24.333333333333332	25	23	0.9733333333333333
