typ	acc	target_score	avg_score	max_score	min_score	norm_score	variance	format_wrong
Einstein-orig	0.6666666666666666	25	24.333333333333332	25	23	0.9733333333333333	0.024	False
Einstein-orig_NL	0.0	25	12.666666666666666	16	10	0.5066666666666666	0.024	False
Einstein-1domain_replacements	0.0	25	9.666666666666666	11	8	0.38666666666666666	0.024	False
Einstein-2domain_replacements	0.0	25	10.0	15	7	0.4	0.024	False
Einstein-3domain_replacements	0.0	25	9.0	10	8	0.36	0.024	False
Einstein-4domain_replacements	0.0	25	6.666666666666667	8	5	0.26666666666666666	0.024	False
Einstein-5domain_replacements	0.0	25	7.666666666666667	9	5	0.3066666666666667	0.024	False
Einstein-lexical_replacements	0.0	25	6.0	8	4	0.24	0.024	False
