typ	variance	E	m	v_sqrt	z-score	p-val	<0.05	<0.01	<0.001
Zebra-orig	0.024	0.2	0.6133333333333334	0.15491933384829668	2.6680551940539985	0.0038145861932439174	True	True	False
Zebra-orig_NL	0.024	0.2	0.6533333333333333	0.15491933384829668	2.9262540838011595	0.0017153530843951146	True	True	False
Zebra-1domain_replacements	0.024	0.2	0.18666666666666668	0.15491933384829668	0.08606629658238706	0.4657068578049807	False	False	False
Zebra-2domain_replacements	0.024	0.2	0.29333333333333333	0.15491933384829668	0.6024640760767093	0.27343263447791977	False	False	False
Zebra-3domain_replacements	0.024	0.2	0.29333333333333333	0.15491933384829668	0.6024640760767093	0.27343263447791977	False	False	False
Zebra-4domain_replacements	0.024	0.2	0.21333333333333332	0.15491933384829668	0.08606629658238688	0.4657068578049808	False	False	False
Zebra-5domain_replacements	0.024	0.2	0.28	0.15491933384829668	0.5163977794943223	0.3027883081676731	False	False	False
Zebra-lexical_replacements	0.024	0.2	0.36	0.15491933384829668	1.0327955589886444	0.1508497912391739	False	False	False
