typ	acc	target_score	avg_score	max_score	min_score	norm_score	variance	format_wrong
Einstein-orig	0.0	25	16.333333333333332	23	11	0.6533333333333333	0.024	False
Einstein-orig_NL	0.0	25	8.333333333333334	12	6	0.33333333333333337	0.024	False
Einstein-1domain_replacements	0.0	25	7.666666666666667	9	6	0.3066666666666667	0.024	False
Einstein-2domain_replacements	0.0	25	7.333333333333333	8	6	0.29333333333333333	0.024	False
Einstein-3domain_replacements	0.0	25	6.0	6	6	0.24	0.024	False
Einstein-4domain_replacements	0.0	25	7.666666666666667	11	5	0.3066666666666667	0.024	False
Einstein-5domain_replacements	0.0	25	6.333333333333333	8	4	0.2533333333333333	0.024	False
Einstein-lexical_replacements	0.0	25	4.333333333333333	7	0	0.1733333333333333	0.024	False
