typ	variance	E	m	v_sqrt	z-score	p-val	<0.05	<0.01	<0.001
Einstein-orig	0.024	0.2	0.6533333333333333	0.15491933384829668	2.9262540838011595	0.0017153530843951146	True	True	False
Einstein-orig_NL	0.024	0.2	0.33333333333333337	0.15491933384829668	0.8606629658238706	0.19471184786751305	False	False	False
Einstein-1domain_replacements	0.024	0.2	0.3066666666666667	0.15491933384829668	0.6885303726590964	0.24555942524033636	False	False	False
Einstein-2domain_replacements	0.024	0.2	0.29333333333333333	0.15491933384829668	0.6024640760767093	0.27343263447791977	False	False	False
Einstein-3domain_replacements	0.024	0.2	0.24	0.15491933384829668	0.258198889747161	0.39812670736881967	False	False	False
Einstein-4domain_replacements	0.024	0.2	0.3066666666666667	0.15491933384829668	0.6885303726590964	0.24555942524033636	False	False	False
Einstein-5domain_replacements	0.024	0.2	0.2533333333333333	0.15491933384829668	0.3442651863295479	0.36532343159211056	False	False	False
Einstein-lexical_replacements	0.024	0.2	0.1733333333333333	0.15491933384829668	0.1721325931647743	0.4316666447682502	False	False	False
