typ	acc	target_score	avg_score	max_score	min_score	norm_score	variance	format_wrong
Zebra-orig	0.0	25	15.333333333333334	16	14	0.6133333333333334	0.024	False
Zebra-orig_NL	0.0	25	16.333333333333332	19	14	0.6533333333333333	0.024	False
Zebra-1domain_replacements	0.0	25	4.666666666666667	8	0	0.18666666666666668	0.024	False
Zebra-2domain_replacements	0.0	25	7.333333333333333	10	4	0.29333333333333333	0.024	False
Zebra-3domain_replacements	0.0	25	7.333333333333333	10	4	0.29333333333333333	0.024	False
Zebra-4domain_replacements	0.0	25	5.333333333333333	8	3	0.21333333333333332	0.024	False
Zebra-5domain_replacements	0.0	25	7.0	12	2	0.28	0.024	False
Zebra-lexical_replacements	0.0	25	9.0	10	8	0.36	0.024	False
