typ	variance	E	m	v_sqrt	z-score	p-val	<0.05	<0.01	<0.001
Einstein-orig	0.036	0.2	0.94	0.18973665961010275	3.9001424475410014	4.806805389324396e-05	True	True	True
Einstein-orig_NL	0.036	0.2	0.54	0.18973665961010275	1.791957340762082	0.03656989982945444	True	False	False
Einstein-1domain_replacements	0.036	0.2	0.68	0.18973665961010275	2.529822128134704	0.005706018193000816	True	True	False
Einstein-2domain_replacements	0.024	0.2	0.38666666666666666	0.15491933384829668	1.2049281521534185	0.11411551976453232	False	False	False
Einstein-3domain_replacements	0.024	0.2	0.24	0.15491933384829668	0.258198889747161	0.39812670736881967	False	False	False
Einstein-4domain_replacements	0.036	0.2	0.28	0.18973665961010275	0.421637021355784	0.3366449898299978	False	False	False
Einstein-5domain_replacements	0.036	0.2	0.4	0.18973665961010275	1.0540925533894598	0.14592027257189422	False	False	False
Einstein-lexical_replacements	0.036	0.2	0.26	0.18973665961010275	0.31622776601683794	0.3759148170229246	False	False	False
