typ	variance	E	m	v_sqrt	z-score	p-val	<0.05	<0.01	<0.001
Zebra-orig	0.024	0.2	0.37333333333333335	0.15491933384829668	1.1188618555710317	0.13159953908062888	False	False	False
Zebra-orig_NL	0.024	0.2	0.37333333333333335	0.15491933384829668	1.1188618555710317	0.13159953908062888	False	False	False
Zebra-1domain_replacements	0.036	0.2	0.44	0.18973665961010275	1.2649110640673518	0.1029516053660342	False	False	False
Zebra-2domain_replacements	0.024	0.2	0.29333333333333333	0.15491933384829668	0.6024640760767093	0.27343263447791977	False	False	False
Zebra-3domain_replacements	0.036	0.2	0.42	0.18973665961010275	1.1595018087284057	0.12312584984626351	False	False	False
Zebra-4domain_replacements	0.024	0.2	0.2	0.15491933384829668	0.0	0.5	False	False	False
Zebra-5domain_replacements	0.036	0.2	0.22	0.18973665961010275	0.10540925533894593	0.4580255361409482	False	False	False
Zebra-lexical_replacements	0.036	0.2	0.28	0.18973665961010275	0.421637021355784	0.3366449898299978	False	False	False
