typ	acc	target_score	avg_score	max_score	min_score	norm_score	variance	format_wrong
Zebra-orig	0.0	25	9.333333333333334	13	2	0.37333333333333335	0.024	False
Zebra-orig_NL	0.0	25	9.333333333333334	12	7	0.37333333333333335	0.024	False
Zebra-1domain_replacements	0.0	25	11.0	13	9	0.44	0.036	False
Zebra-2domain_replacements	0.0	25	7.333333333333333	8	7	0.29333333333333333	0.024	False
Zebra-3domain_replacements	0.0	25	10.5	12	9	0.42	0.036	False
Zebra-4domain_replacements	0.0	25	5.0	6	4	0.2	0.024	False
Zebra-5domain_replacements	0.0	25	5.5	7	4	0.22	0.036	False
Zebra-lexical_replacements	0.0	25	7.0	8	6	0.28	0.036	False
