acc	target_score	avg_score	max_score	min_score	norm_score	format_wrong
0.3333333333333333	25	16.666666666666668	25	3	0.6666666666666667	False
