typ	variance	E	m	v_sqrt	z-score	p-val	<0.05	<0.01	<0.001
Einstein-orig	0.024	0.2	0.6666666666666667	0.15491933384829668	3.0123203803835468	0.0012962940759966696	True	True	False
Einstein-orig_NL	0.072	0.2	0.0	0.2683281572999748	0.7453559924999299	0.228028270125128	False	False	False
Einstein-1domain_replacements	0.072	0.2	0.0	0.2683281572999748	0.7453559924999299	0.228028270125128	False	False	False
Einstein-2domain_replacements	0.036	0.2	0.0	0.18973665961010275	1.0540925533894598	0.14592027257189422	False	False	False
Einstein-3domain_replacements	0.0	0.2	0.0	0.0	inf	0.0	True	True	True
Einstein-4domain_replacements	0.0	0.2	0.0	0.0	inf	0.0	True	True	True
Einstein-5domain_replacements	0.036	0.2	0.24	0.18973665961010275	0.21081851067789187	0.4165144468597607	False	False	False
Einstein-lexical_replacements	0.024	0.2	0.1733333333333333	0.15491933384829668	0.1721325931647743	0.4316666447682502	False	False	False
