typ	variance	E	m	v_sqrt	z-score	p-val	<0.05	<0.01	<0.001
Zebra-orig	0.024	0.2	0.32	0.15491933384829668	0.7745966692414834	0.2192890130404999	False	False	False
Zebra-orig_NL	0.072	0.2	0.24	0.2683281572999748	0.1490711984999859	0.4407487260955068	False	False	False
Zebra-1domain_replacements	0.072	0.2	0.4	0.2683281572999748	0.7453559924999299	0.228028270125128	False	False	False
Zebra-2domain_replacements	0.036	0.2	0.24	0.18973665961010275	0.21081851067789187	0.4165144468597607	False	False	False
Zebra-3domain_replacements	0.024	0.2	0.13333333333333333	0.15491933384829668	0.4303314829119353	0.3334772643464097	False	False	False
Zebra-4domain_replacements	0.072	0.2	0.2	0.2683281572999748	0.0	0.5	False	False	False
Zebra-5domain_replacements	0.072	0.2	0.04	0.2683281572999748	0.5962847939999439	0.2754924937925467	False	False	False
Zebra-lexical_replacements	0.024	0.2	0.16	0.15491933384829668	0.25819888974716115	0.3981267073688196	False	False	False
