acc	target_score	avg_score	max_score	min_score	norm_score
0.0	25	1.6666666666666667	5	0	0.06666666666666667
