acc	target_score	avg_score	max_score	min_score	norm_score
0.0	25	4.333333333333333	9	0	0.1733333333333333
