typ	variance	E	m	v_sqrt	z-score	p-val	<0.05	<0.01	<0.001
Zebra-orig	0.024	0.2	0.92	0.15491933384829668	4.6475800154489	1.6792591646642742e-06	True	True	True
Zebra-orig_NL	0.024	0.2	0.8	0.15491933384829668	3.8729833462074175	5.375558836475012e-05	True	True	True
Zebra-1domain_replacements	0.024	0.2	0.6	0.15491933384829668	2.581988897471611	0.004911637253759624	True	True	False
Zebra-2domain_replacements	0.024	0.2	0.8133333333333332	0.15491933384829668	3.9590496427898034	3.762429805791428e-05	True	True	True
Zebra-3domain_replacements	0.024	0.2	0.5466666666666666	0.15491933384829668	2.237723711142063	0.01261953900916262	True	False	False
Zebra-4domain_replacements	0.024	0.2	0.7466666666666667	0.15491933384829668	3.5287181598778683	0.000208788799853398	True	True	True
Zebra-5domain_replacements	0.024	0.2	0.3066666666666667	0.15491933384829668	0.6885303726590964	0.24555942524033636	False	False	False
Zebra-lexical_replacements	0.024	0.2	0.38666666666666666	0.15491933384829668	1.2049281521534185	0.11411551976453232	False	False	False
