typ	variance	E	m	v_sqrt	z-score	p-val	<0.05	<0.01	<0.001
Einstein-orig	0.024	0.2	1.0	0.15491933384829668	5.163977794943222	1.2087819405595094e-07	True	True	True
Einstein-orig_NL	0.024	0.2	1.0	0.15491933384829668	5.163977794943222	1.2087819405595094e-07	True	True	True
Einstein-1domain_replacements	0.024	0.2	0.96	0.15491933384829668	4.905778905196062	4.6528651488460247e-07	True	True	True
Einstein-2domain_replacements	0.024	0.2	0.92	0.15491933384829668	4.6475800154489	1.6792591646642742e-06	True	True	True
Einstein-3domain_replacements	0.024	0.2	0.64	0.15491933384829668	2.840187787218772	0.0022543491824521178	True	True	False
Einstein-4domain_replacements	0.036	0.2	0.32	0.18973665961010275	0.6324555320336759	0.26354462843276905	False	False	False
Einstein-5domain_replacements	0.024	0.2	0.44	0.15491933384829668	1.5491933384829668	0.060667625179241055	False	False	False
Einstein-lexical_replacements	0.024	0.2	0.6133333333333334	0.15491933384829668	2.6680551940539985	0.0038145861932439174	True	True	False
