typ	acc	target_score	avg_score	max_score	min_score	norm_score	variance	format_wrong
Zebra-orig	0.0	25	23.0	23	23	0.92	0.024	False
Zebra-orig_NL	0.0	25	20.0	23	16	0.8	0.024	False
Zebra-1domain_replacements	0.0	25	15.0	18	11	0.6	0.024	False
Zebra-2domain_replacements	0.0	25	20.333333333333332	23	15	0.8133333333333332	0.024	False
Zebra-3domain_replacements	0.0	25	13.666666666666666	23	8	0.5466666666666666	0.024	False
Zebra-4domain_replacements	0.6666666666666666	25	18.666666666666668	25	6	0.7466666666666667	0.024	False
Zebra-5domain_replacements	0.0	25	7.666666666666667	8	7	0.3066666666666667	0.024	False
Zebra-lexical_replacements	0.0	25	9.666666666666666	11	7	0.38666666666666666	0.024	False
