typ	acc	target_score	avg_score	max_score	min_score	norm_score	variance	format_wrong
Einstein-orig	1.0	25	25.0	25	25	1.0	0.024	False
Einstein-orig_NL	1.0	25	25.0	25	25	1.0	0.024	False
Einstein-1domain_replacements	0.3333333333333333	25	24.0	25	23	0.96	0.024	False
Einstein-2domain_replacements	0.6666666666666666	25	23.0	25	19	0.92	0.024	False
Einstein-3domain_replacements	0.3333333333333333	25	16.0	25	11	0.64	0.024	False
Einstein-4domain_replacements	0.0	25	8.0	9	7	0.32	0.036	False
Einstein-5domain_replacements	0.0	25	11.0	15	8	0.44	0.024	False
Einstein-lexical_replacements	0.3333333333333333	25	15.333333333333334	25	10	0.6133333333333334	0.024	False
