model	setup	step	wrong_format	acc	p-val	sig
Mistral	orig_NL	1	True	0.5454545454545454	0.011654205440000004	*
Mistral	orig_NL	2	True	0.16666666666666666	0.7378560000000001	
Mistral	orig_NL	3	True	0.09523809523809523	0.9423539247696576	
Mistral	orig_NL	4	True	0.17647058823529413	0.690377525618278	
Mistral	orig_NL	5	True	0.14285714285714285	0.8020879070003198	
Mistral	orig_NL	6	True	0.10526315789473684	0.9613173884039155	
Mistral	orig_NL	7	True	0.13043478260869565	0.8668145077878169	
Mistral	orig_NL	8	True	0.18181818181818182	0.6778774527999998	
Mistral	orig_NL	9	True	0.2	0.67232	
