model	setup	step	wrong_format	acc	p-val	sig
Mistral	orig	1	True	0.6666666666666666	0.00011322566246400011	**
Mistral	orig	2	True	0.5	0.09888000000000005	
Mistral	orig	3	True	0.047619047619047616	0.9907766279631453	
Mistral	orig	4	True	0.15789473684210525	0.7631106596003117	
Mistral	orig	5	True	0.07142857142857142	0.9560195348889601	
Mistral	orig	6	True	0.16	0.8095901884178099	
Mistral	orig	7	True	0.14814814814814814	0.8177166537612315	
Mistral	orig	8	True	0.2	0.6019767907450877	
Mistral	orig	9	True	0.0	1.0	
