model	setup	step	wrong_format	acc	p-val	sig
Mistral	lexical_replacements	1	True	0.4166666666666667	0.07255549952000004	
Mistral	lexical_replacements	2	True	0.3333333333333333	0.3446400000000002	
Mistral	lexical_replacements	3	True	0.13636363636363635	0.8455085183826823	
Mistral	lexical_replacements	4	True	0.1111111111111111	0.900920808197849	
Mistral	lexical_replacements	5	True	0.0	1.0	
Mistral	lexical_replacements	6	True	0.15384615384615385	0.8199867998779642	
Mistral	lexical_replacements	7	True	0.17391304347826086	0.7034685890151187	
Mistral	lexical_replacements	8	True	0.09090909090909091	0.9141006540800001	
Mistral	lexical_replacements	9	True	0.5	0.18080000000000004	
