model	setup	step	wrong_format	acc	p-val	sig
LLaMa3.3-70B	orig_NL	1	True	1.0	1.0485760000000012e-14	**
LLaMa3.3-70B	orig_NL	2	True	0.9	4.198400000000002e-06	**
LLaMa3.3-70B	orig_NL	3	True	0.23333333333333334	0.3930300802742601	
LLaMa3.3-70B	orig_NL	4	True	0.2413793103448276	0.35713858384717634	
LLaMa3.3-70B	orig_NL	5	True	0.05	0.9884707849539316	
LLaMa3.3-70B	orig_NL	6	True	0.24285714285714285	0.22353827401651324	
LLaMa3.3-70B	orig_NL	7	True	0.46153846153846156	0.0002057962972104383	**
LLaMa3.3-70B	orig_NL	8	True	0.8	1.3803464949760015e-08	**
LLaMa3.3-70B	orig_NL	9	True	0.5	0.03279349760000002	*
