model	setup	step	wrong_format	acc	p-val	sig
LLaMa3.3-70B	domain_replacements	1	True	1.0	1.0485760000000012e-14	**
LLaMa3.3-70B	domain_replacements	2	True	0.9	4.198400000000002e-06	**
LLaMa3.3-70B	domain_replacements	3	True	0.16666666666666666	0.7447667452596807	
LLaMa3.3-70B	domain_replacements	4	True	0.4666666666666667	0.0009018693287275335	**
LLaMa3.3-70B	domain_replacements	5	True	0.05263157894736842	0.9855884811924144	
LLaMa3.3-70B	domain_replacements	6	True	0.04411764705882353	0.9999587659697843	
LLaMa3.3-70B	domain_replacements	7	True	0.5263157894736842	8.018356483481643e-06	**
LLaMa3.3-70B	domain_replacements	8	True	0.15789473684210525	0.7631106596003117	
LLaMa3.3-70B	domain_replacements	9	True	0.0	1.0	
