model	setup	step	wrong_format	acc	p-val	sig
LLaMa3.3-70B	lexical_replacements	1	True	1.0	1.0485760000000012e-14	**
LLaMa3.3-70B	lexical_replacements	2	True	1.0	1.0240000000000006e-07	**
LLaMa3.3-70B	lexical_replacements	3	True	0.06666666666666667	0.9894775096660743	
LLaMa3.3-70B	lexical_replacements	4	True	0.36666666666666664	0.02561625533532658	*
LLaMa3.3-70B	lexical_replacements	5	True	0.0	1.0	
LLaMa3.3-70B	lexical_replacements	6	True	0.32857142857142857	0.007857201964969184	**
LLaMa3.3-70B	lexical_replacements	7	True	0.85	1.8053811023848653e-18	**
LLaMa3.3-70B	lexical_replacements	8	True	0.75	1.802763973427202e-07	**
LLaMa3.3-70B	lexical_replacements	9	True	0.2	0.6241903615999997	
