acc	target_score	avg_score	max_score	min_score	norm_score
0.0	25	10.333333333333334	16	0	0.41333333333333333
