typ	acc	target_score	avg_score	max_score	min_score	norm_score	variance	format_wrong
Zebra-orig	0.0	25	14.333333333333334	15	14	0.5733333333333334	0.024	False
Zebra-orig_NL	0.0	25	16.0	18	13	0.64	0.024	False
Zebra-1domain_replacements	0.0	25	16.666666666666668	18	16	0.6666666666666667	0.024	False
Zebra-2domain_replacements	0.0	25	11.5	13	10	0.46	0.036	False
Zebra-3domain_replacements	0.0	25	12.0	18	7	0.48	0.024	False
Zebra-4domain_replacements	0.0	25	4.0	4	4	0.16	0.072	False
Zebra-5domain_replacements	0.0	25	7.0	8	6	0.28	0.024	False
Zebra-lexical_replacements	0.0	25	8.333333333333334	11	4	0.33333333333333337	0.024	False
