acc	target_score	avg_score	max_score	min_score	norm_score
0.0	25	7.666666666666667	11	4	0.3066666666666667
