acc	target_score	avg_score	max_score	min_score	norm_score
0.0	25	9.666666666666666	13	6	0.38666666666666666
