acc	target_score	avg_score	max_score	min_score	norm_score
0.3333333333333333	25	18.666666666666668	25	11	0.7466666666666667
