typ	variance	E	m	v_sqrt	z-score	p-val	sig
Zebra-orig	0.024	0.2	0.5733333333333334	0.15491933384829668	2.4098563043068375	0.007979402332697127	**
Zebra-orig_NL	0.024	0.2	0.64	0.15491933384829668	2.840187787218772	0.0022543491824521178	**
Zebra-1domain_replacements	0.024	0.2	0.6666666666666667	0.15491933384829668	3.0123203803835468	0.0012962940759966696	**
Zebra-2domain_replacements	0.036	0.2	0.46	0.18973665961010275	1.3703203194062978	0.08529346643572067	
Zebra-3domain_replacements	0.024	0.2	0.48	0.15491933384829668	1.8073922282301278	0.03535057243299149	*
Zebra-4domain_replacements	0.072	0.2	0.16	0.2683281572999748	0.149071198499986	0.44074872609550675	
Zebra-5domain_replacements	0.024	0.2	0.28	0.15491933384829668	0.5163977794943223	0.3027883081676731	
Zebra-lexical_replacements	0.024	0.2	0.33333333333333337	0.15491933384829668	0.8606629658238706	0.19471184786751305	
