acc	target_score	avg_score	max_score	min_score	norm_score
0.6666666666666666	25	19.666666666666668	25	9	0.7866666666666667
