typ	acc	target_score	avg_score	max_score	min_score	norm_score	variance	format_wrong
Einstein-orig	1.0	25	25.0	25	25	1.0	0.024	False
Einstein-orig_NL	0.6666666666666666	25	19.666666666666668	25	9	0.7866666666666667	0.024	False
Einstein-1domain_replacements	0.3333333333333333	25	18.666666666666668	25	11	0.7466666666666667	0.024	False
Einstein-2domain_replacements	0.0	25	7.0	10	3	0.28	0.024	False
Einstein-3domain_replacements	0.0	25	8.666666666666666	17	4	0.3466666666666666	0.024	False
Einstein-4domain_replacements	0.0	25	9.0	12	4	0.36	0.024	False
Einstein-5domain_replacements	0.0	25	4.666666666666667	6	4	0.18666666666666668	0.024	False
Einstein-lexical_replacements	0.0	25	6.333333333333333	8	5	0.2533333333333333	0.024	False
