typ	variance	E	m	v_sqrt	z-score	p-val	sig
Einstein-orig	0.024	0.2	1.0	0.15491933384829668	5.163977794943222	1.2087819405595094e-07	**
Einstein-orig_NL	0.024	0.2	0.7866666666666667	0.15491933384829668	3.7869170496250297	7.62639954080849e-05	**
Einstein-1domain_replacements	0.024	0.2	0.7466666666666667	0.15491933384829668	3.5287181598778683	0.000208788799853398	**
Einstein-2domain_replacements	0.024	0.2	0.28	0.15491933384829668	0.5163977794943223	0.3027883081676731	
Einstein-3domain_replacements	0.024	0.2	0.3466666666666666	0.15491933384829668	0.9467292624062571	0.17188837764917902	
Einstein-4domain_replacements	0.024	0.2	0.36	0.15491933384829668	1.0327955589886444	0.1508497912391739	
Einstein-5domain_replacements	0.024	0.2	0.18666666666666668	0.15491933384829668	0.08606629658238706	0.4657068578049807	
Einstein-lexical_replacements	0.024	0.2	0.2533333333333333	0.15491933384829668	0.3442651863295479	0.36532343159211056	
