acc	target_score	avg_score	max_score	min_score	norm_score
0.0	25	14.666666666666666	16	12	0.5866666666666667
