acc	target_score	avg_score	max_score	min_score	norm_score
0.0	25	12.333333333333334	13	12	0.49333333333333335
