acc	target_score	avg_score	max_score	min_score	norm_score
0.0	25	4.666666666666667	6	4	0.18666666666666668
