acc	target_score	avg_score	max_score	min_score	norm_score
0.0	25	5.333333333333333	7	4	0.21333333333333332
