acc	target_score	avg_score	max_score	min_score	norm_score
0.0	25	2.3333333333333335	7	0	0.09333333333333334
