typ	variance	E	m	v_sqrt	z-score	p-val	<0.05	<0.01	<0.001
Einstein-orig	0.024	0.2	0.88	0.15491933384829668	4.389381125701739	5.683684778830949e-06	True	True	True
Einstein-orig_NL	0.024	0.2	0.16	0.15491933384829668	0.25819888974716115	0.3981267073688196	False	False	False
Einstein-1domain_replacements	0.024	0.2	0.22666666666666668	0.15491933384829668	0.1721325931647741	0.4316666447682503	False	False	False
Einstein-2domain_replacements	0.036	0.2	0.0	0.18973665961010275	1.0540925533894598	0.14592027257189422	False	False	False
Einstein-3domain_replacements	0.036	0.2	0.2	0.18973665961010275	0.0	0.5	False	False	False
Einstein-4domain_replacements	0.072	0.2	0.16	0.2683281572999748	0.149071198499986	0.44074872609550675	False	False	False
Einstein-5domain_replacements	0.072	0.2	0.24	0.2683281572999748	0.1490711984999859	0.4407487260955068	False	False	False
Einstein-lexical_replacements	0.072	0.2	0.28	0.2683281572999748	0.298142396999972	0.382797241997882	False	False	False
