typ	variance	E	m	v_sqrt	z-score	p-val	<0.05	<0.01	<0.001
Zebra-orig	0.024	0.2	0.0	0.15491933384829668	1.2909944487358056	0.09835280122947343	False	False	False
Zebra-orig_NL	0.024	0.2	0.12	0.15491933384829668	0.5163977794943223	0.3027883081676731	False	False	False
Zebra-1domain_replacements	0.036	0.2	0.1	0.18973665961010275	0.5270462766947299	0.2990807263417641	False	False	False
Zebra-2domain_replacements	0.0	0.2	0.0	0.0	inf	0.0	True	True	True
Zebra-3domain_replacements	0.072	0.2	0.16	0.2683281572999748	0.149071198499986	0.44074872609550675	False	False	False
Zebra-4domain_replacements	0.072	0.2	0.12	0.2683281572999748	0.298142396999972	0.382797241997882	False	False	False
Zebra-5domain_replacements	0.036	0.2	0.1	0.18973665961010275	0.5270462766947299	0.2990807263417641	False	False	False
Zebra-lexical_replacements	0.072	0.2	0.12	0.2683281572999748	0.298142396999972	0.382797241997882	False	False	False
