acc	target_score	avg_score	max_score	min_score	norm_score
0.0	25	8.666666666666666	11	6	0.3466666666666666
