typ	acc	target_score	avg_score	max_score	min_score	norm_score	variance	format_wrong
Zebra-orig	0.0	25	11.0	11	11	0.44	0.024	False
Zebra-orig_NL	0.6666666666666666	25	24.333333333333332	25	23	0.9733333333333333	0.024	False
Zebra-1domain_replacements	0.0	25	7.0	12	2	0.28	0.036	False
Zebra-2domain_replacements	0.0	25	9.0	10	8	0.36	0.024	False
Zebra-3domain_replacements	0.0	25	10.0	12	7	0.4	0.024	False
Zebra-4domain_replacements	0.0	25	8.333333333333334	13	5	0.33333333333333337	0.024	False
Zebra-5domain_replacements	0.0	25	6.666666666666667	9	4	0.26666666666666666	0.024	False
Zebra-lexical_replacements	0.0	25	10.666666666666666	13	9	0.42666666666666664	0.024	False
