typ	variance	E	m	v_sqrt	z-score	p-val	sig
Zebra-orig	0.024	0.2	0.44	0.15491933384829668	1.5491933384829668	0.060667625179241055	
Zebra-orig_NL	0.024	0.2	0.9733333333333333	0.15491933384829668	4.991845201778448	2.9902589472306817e-07	**
Zebra-1domain_replacements	0.036	0.2	0.28	0.18973665961010275	0.421637021355784	0.3366449898299978	
Zebra-2domain_replacements	0.024	0.2	0.36	0.15491933384829668	1.0327955589886444	0.1508497912391739	
Zebra-3domain_replacements	0.024	0.2	0.4	0.15491933384829668	1.2909944487358056	0.09835280122947343	
Zebra-4domain_replacements	0.024	0.2	0.33333333333333337	0.15491933384829668	0.8606629658238706	0.19471184786751305	
Zebra-5domain_replacements	0.024	0.2	0.26666666666666666	0.15491933384829668	0.4303314829119351	0.3334772643464097	
Zebra-lexical_replacements	0.024	0.2	0.42666666666666664	0.15491933384829668	1.4631270419005795	0.07171630980680505	
