typ	acc	target_score	avg_score	max_score	min_score	norm_score	variance	format_wrong
Zebra-orig	0.0	25	11.5	12	11	0.46	0.036	False
Zebra-orig_NL	0.0	25	13.666666666666666	14	13	0.5466666666666666	0.024	False
Zebra-1domain_replacements	0.0	25	12.0	14	10	0.48	0.024	False
Zebra-2domain_replacements	0.0	25	7.0	10	3	0.28	0.024	False
Zebra-3domain_replacements	0.0	25	8.666666666666666	11	6	0.3466666666666666	0.024	False
Zebra-4domain_replacements	0.0	25	7.333333333333333	9	6	0.29333333333333333	0.024	False
Zebra-5domain_replacements	0.0	25	5.0	7	4	0.2	0.024	False
Zebra-lexical_replacements	0.0	25	8.0	9	7	0.32	0.036	False
