typ	variance	E	m	v_sqrt	z-score	p-val	<0.05	<0.01	<0.001
Einstein-orig	0.072	0.2	0.6	0.2683281572999748	1.4907119849998596	0.06801856405707184	False	False	False
Einstein-orig_NL	0.024	0.2	0.6666666666666667	0.15491933384829668	3.0123203803835468	0.0012962940759966696	True	True	False
Einstein-1domain_replacements	0.024	0.2	0.42666666666666664	0.15491933384829668	1.4631270419005795	0.07171630980680505	False	False	False
Einstein-2domain_replacements	0.024	0.2	0.3466666666666666	0.15491933384829668	0.9467292624062571	0.17188837764917902	False	False	False
Einstein-3domain_replacements	0.024	0.2	0.29333333333333333	0.15491933384829668	0.6024640760767093	0.27343263447791977	False	False	False
Einstein-4domain_replacements	0.036	0.2	0.1	0.18973665961010275	0.5270462766947299	0.2990807263417641	False	False	False
Einstein-5domain_replacements	0.036	0.2	0.36	0.18973665961010275	0.8432740427115677	0.19953759827411865	False	False	False
Einstein-lexical_replacements	0.024	0.2	0.28	0.15491933384829668	0.5163977794943223	0.3027883081676731	False	False	False
