typ	acc	target_score	avg_score	max_score	min_score	norm_score	variance	format_wrong
Einstein-orig	0.0	25	15.0	15	15	0.6	0.072	False
Einstein-orig_NL	0.0	25	16.666666666666668	23	13	0.6666666666666667	0.024	False
Einstein-1domain_replacements	0.0	25	10.666666666666666	14	9	0.42666666666666664	0.024	False
Einstein-2domain_replacements	0.0	25	8.666666666666666	16	2	0.3466666666666666	0.024	False
Einstein-3domain_replacements	0.0	25	7.333333333333333	10	2	0.29333333333333333	0.024	False
Einstein-4domain_replacements	0.0	25	2.5	4	1	0.1	0.036	False
Einstein-5domain_replacements	0.0	25	9.0	11	7	0.36	0.036	False
Einstein-lexical_replacements	0.0	25	7.0	9	5	0.28	0.024	False
