typ	variance	E	m	v_sqrt	z-score	p-val	<0.05	<0.01	<0.001
Zebra-orig	0.036	0.2	0.46	0.18973665961010275	1.3703203194062978	0.08529346643572067	False	False	False
Zebra-orig_NL	0.024	0.2	0.5466666666666666	0.15491933384829668	2.237723711142063	0.01261953900916262	True	False	False
Zebra-1domain_replacements	0.024	0.2	0.48	0.15491933384829668	1.8073922282301278	0.03535057243299149	True	False	False
Zebra-2domain_replacements	0.024	0.2	0.28	0.15491933384829668	0.5163977794943223	0.3027883081676731	False	False	False
Zebra-3domain_replacements	0.024	0.2	0.3466666666666666	0.15491933384829668	0.9467292624062571	0.17188837764917902	False	False	False
Zebra-4domain_replacements	0.024	0.2	0.29333333333333333	0.15491933384829668	0.6024640760767093	0.27343263447791977	False	False	False
Zebra-5domain_replacements	0.024	0.2	0.2	0.15491933384829668	0.0	0.5	False	False	False
Zebra-lexical_replacements	0.036	0.2	0.32	0.18973665961010275	0.6324555320336759	0.26354462843276905	False	False	False
