model	setup	step	wrong_format	acc	p-val	sig
ChatGPT	orig_NL	1	True	1.0	6.400000000000002e-05	**
ChatGPT	orig_NL	2	True	1.0	0.008000000000000002	**
ChatGPT	orig_NL	3	True	0.6666666666666666	0.0030663680000000016	**
ChatGPT	orig_NL	4	True	1.0	5.120000000000002e-07	**
ChatGPT	orig_NL	5	True	0.8333333333333334	0.001600000000000001	**
ChatGPT	orig_NL	6	True	0.6666666666666666	4.508572639559685e-06	**
ChatGPT	orig_NL	7	True	0.5	0.01940527923200001	*
ChatGPT	orig_NL	8	True	1.0	6.400000000000002e-05	**
ChatGPT	orig_NL	9	True	1.0	0.008000000000000002	**
