model	setup	step	wrong_format	acc	p-val	sig
ChatGPT	orig	1	True	0.5	0.09888000000000005	
ChatGPT	orig	2	True	1.0	0.008000000000000002	**
ChatGPT	orig	3	True	0.6666666666666666	0.0030663680000000016	**
ChatGPT	orig	4	True	1.0	5.120000000000002e-07	**
ChatGPT	orig	5	True	1.0	6.400000000000002e-05	**
ChatGPT	orig	6	True	1.0	2.0971520000000026e-15	**
ChatGPT	orig	7	True	0.75	6.219776000000003e-05	**
ChatGPT	orig	8	True	0.5	0.09888000000000005	
ChatGPT	orig	9	True	1.0	0.008000000000000002	**
